Baby,Time,Duration(minutes),Note
Arlo,"9/23/23, 12:56",0
Arlo,"9/23/23, 09:30",75
Arlo,"9/23/23, 04:11",184
Arlo,"9/22/23, 22:15",299
Arlo,"9/22/23, 18:37",180
Arlo,"9/22/23, 15:52",45
Arlo,"9/22/23, 12:30",57
Arlo,"9/22/23, 09:26",60
Arlo,"9/22/23, 03:36",213
Arlo,"9/21/23, 20:08",408
Arlo,"9/21/23, 17:30",34
Arlo,"9/21/23, 12:30",118,Lot of false starts
Arlo,"9/21/23, 09:15",52
Arlo,"9/21/23, 05:00",110
Arlo,"9/21/23, 02:43",120
Arlo,"9/20/23, 23:14",164
Arlo,"9/20/23, 22:42",19
Arlo,"9/20/23, 21:00",52
Arlo,"9/20/23, 19:58",49
Arlo,"9/20/23, 18:50",46
Arlo,"9/20/23, 15:25",25
Arlo,"9/20/23, 12:25",43
Arlo,"9/20/23, 09:15",37
Arlo,"9/20/23, 02:18",272
Arlo,"9/20/23, 01:43",14
Arlo,"9/20/23, 00:35",35
Arlo,"9/19/23, 19:30",199
Arlo,"9/19/23, 15:20",48
Arlo,"9/19/23, 12:25",71
Arlo,"9/19/23, 09:01",71
Arlo,"9/19/23, 04:49",147
Arlo,"9/19/23, 01:15",184
Arlo,"9/18/23, 21:45",195
Arlo,"9/18/23, 19:20",79
Arlo,"9/18/23, 15:35",42
Arlo,"9/18/23, 12:10",43
Arlo,"9/18/23, 09:25",41
Arlo,"9/18/23, 05:05",74
Arlo,"9/18/23, 02:27",104
Arlo,"9/17/23, 21:45",265
Arlo,"9/17/23, 18:50",119
Arlo,"9/17/23, 15:10",41
Arlo,"9/17/23, 12:24",20
Arlo,"9/17/23, 10:05",30
Arlo,"9/17/23, 04:05",190
Arlo,"9/17/23, 00:45",142
Arlo,"9/16/23, 19:10",266
Arlo,"9/16/23, 14:50",36
Arlo,"9/16/23, 10:45",50
Arlo,"9/16/23, 03:43",207
Arlo,"9/16/23, 02:56",13
Arlo,"9/15/23, 21:31",299
Arlo,"9/15/23, 19:00",125
Arlo,"9/15/23, 15:25",40
Arlo,"9/15/23, 12:11",38
Arlo,"9/15/23, 09:13",30
Arlo,"9/15/23, 04:34",134
Arlo,"9/15/23, 00:08",246
Arlo,"9/14/23, 20:52",183
Arlo,"9/14/23, 17:45",44
Arlo,"9/14/23, 11:10",130
Arlo,"9/14/23, 07:44",54
Arlo,"9/14/23, 05:40",4
Arlo,"9/13/23, 22:57",377
Arlo,"9/13/23, 18:38",229
Arlo,"9/13/23, 13:35",99
Arlo,"9/13/23, 08:50",107
Arlo,"9/13/23, 02:07",246
Arlo,"9/12/23, 20:47",302
Arlo,"9/12/23, 17:33",42
Arlo,"9/12/23, 13:30",47
Arlo,"9/12/23, 09:30",99
Arlo,"9/12/23, 06:10",44
Arlo,"9/12/23, 01:07",273
Arlo,"9/11/23, 19:23",326
Arlo,"9/11/23, 15:00",62
Arlo,"9/11/23, 12:27",42
Arlo,"9/11/23, 09:25",43
Arlo,"9/11/23, 05:30",103
Arlo,"9/11/23, 00:21",277
Arlo,"9/10/23, 19:45",215
Arlo,"9/10/23, 16:02",44
Arlo,"9/10/23, 12:40",37
Arlo,"9/10/23, 09:17",39
Arlo,"9/10/23, 04:32",147
Arlo,"9/10/23, 04:07",6
Arlo,"9/10/23, 00:04",226
Arlo,"9/9/23, 22:50",14
Arlo,"9/9/23, 20:35",125
Arlo,"9/9/23, 16:01",79
Arlo,"9/9/23, 12:49",36
Arlo,"9/9/23, 09:19",37
Arlo,"9/9/23, 05:25",111
Arlo,"9/9/23, 04:09",5
Arlo,"9/9/23, 01:36",139
Arlo,"9/9/23, 00:33",53
Arlo,"9/8/23, 20:00",201
Arlo,"9/8/23, 11:50",169
Arlo,"9/8/23, 08:46",37
Arlo,"9/8/23, 01:28",307
Arlo,"9/8/23, 01:04",9
Arlo,"9/7/23, 19:50",289
Arlo,"9/7/23, 15:05",51
Arlo,"9/7/23, 12:23",53
Arlo,"9/7/23, 09:50",32
Arlo,"9/7/23, 09:02",11
Arlo,"9/6/23, 21:43",552
Arlo,"9/6/23, 19:38",115
Arlo,"9/6/23, 14:33",52
Arlo,"9/6/23, 12:03",39
Arlo,"9/6/23, 09:22",47
Arlo,"9/6/23, 01:45",302
Arlo,"9/5/23, 23:56",6
Arlo,"9/5/23, 20:49",170
Arlo,"9/5/23, 17:28",28
Arlo,"9/5/23, 11:45",131
Arlo,"9/5/23, 09:37",34
Arlo,"9/5/23, 04:46",158
Arlo,"9/5/23, 03:54",15
Arlo,"9/5/23, 00:00",186
Arlo,"9/4/23, 20:10",218
Arlo,"9/4/23, 16:31",51
Arlo,"9/4/23, 12:50",48
Arlo,"9/4/23, 08:38",87
Arlo,"9/4/23, 00:36",318
Arlo,"9/3/23, 20:10",249
Arlo,"9/3/23, 14:58",133
Arlo,"9/3/23, 13:10",40
Arlo,"9/3/23, 08:40",34
Arlo,"9/3/23, 02:59",239
Arlo,"9/2/23, 22:55",218
Arlo,"9/2/23, 19:35",184
Arlo,"9/2/23, 14:28",97
Arlo,"9/2/23, 10:50",35
Arlo,"9/2/23, 05:44",135
Arlo,"9/2/23, 05:15",8
Arlo,"9/2/23, 01:15",198
Arlo,"9/1/23, 20:30",249
Arlo,"9/1/23, 17:20",25
Arlo,"9/1/23, 13:10",45
Arlo,"9/1/23, 08:50",115
Arlo,"9/1/23, 02:07",247
Arlo,"8/31/23, 20:50",261
Arlo,"8/31/23, 17:19",31
Arlo,"8/31/23, 12:27",97
Arlo,"8/31/23, 09:10",44
Arlo,"8/31/23, 05:03",105
Arlo,"8/31/23, 04:36",18
Arlo,"8/31/23, 02:27",110
Arlo,"8/30/23, 20:51",322
Arlo,"8/30/23, 16:52",38
Arlo,"8/30/23, 13:20",52
Arlo,"8/30/23, 09:30",85
Arlo,"8/30/23, 06:08",43
Arlo,"8/30/23, 04:06",103
Arlo,"8/30/23, 03:14",9
Arlo,"8/29/23, 23:16",209
Arlo,"8/29/23, 19:25",217
Arlo,"8/29/23, 14:00",113
Arlo,"8/29/23, 11:25",39
Arlo,"8/29/23, 08:35",40
Arlo,"8/29/23, 04:29",118
Arlo,"8/29/23, 02:39",95
Arlo,"8/29/23, 01:39",50
Arlo,"8/28/23, 19:40",341
Arlo,"8/28/23, 14:41",64
Arlo,"8/28/23, 11:45",60
Arlo,"8/28/23, 08:28",93
Arlo,"8/27/23, 21:22",523
Arlo,"8/27/23, 17:58",39
Arlo,"8/27/23, 15:12",40
Arlo,"8/27/23, 10:53",95
Arlo,"8/27/23, 04:00",228
Arlo,"8/27/23, 01:26",136
Arlo,"8/26/23, 21:14",234
Arlo,"8/26/23, 15:22",138
Arlo,"8/26/23, 13:00",30
Arlo,"8/26/23, 09:23",42
Arlo,"8/26/23, 04:04",165
Arlo,"8/26/23, 00:20",200
Arlo,"8/25/23, 20:15",233
Arlo,"8/25/23, 16:00",46
Arlo,"8/25/23, 12:38",57
Arlo,"8/25/23, 08:55",64
Arlo,"8/25/23, 00:50",370
Arlo,"8/24/23, 23:54",40
Arlo,"8/24/23, 21:45",120
Arlo,"8/24/23, 18:19",39
Arlo,"8/24/23, 14:45",48
Arlo,"8/24/23, 12:00",60
Arlo,"8/24/23, 09:15",45
Arlo,"8/24/23, 04:24",158
Arlo,"8/24/23, 00:50",186
Arlo,"8/23/23, 23:50",18
Arlo,"8/23/23, 22:12",91
Arlo,"8/23/23, 21:05",52
Arlo,"8/23/23, 18:23",27
Arlo,"8/23/23, 15:10",45
Arlo,"8/23/23, 12:20",50
Arlo,"8/23/23, 11:30",40
Arlo,"8/23/23, 09:00",37
Arlo,"8/23/23, 04:36",137
Arlo,"8/23/23, 02:40",49
Arlo,"8/23/23, 00:18",50
Arlo,"8/23/23, 00:03",3
Arlo,"8/22/23, 23:16",42
Arlo,"8/22/23, 22:55",9
Arlo,"8/22/23, 21:15",90
Arlo,"8/22/23, 17:48",31
Arlo,"8/22/23, 14:40",49
Arlo,"8/22/23, 09:10",166
Arlo,"8/22/23, 05:45",88
Arlo,"8/22/23, 00:51",259
Arlo,"8/21/23, 23:24",74
Arlo,"8/21/23, 22:57",18
Arlo,"8/21/23, 20:00",163
Arlo,"8/21/23, 16:05",42
Arlo,"8/21/23, 11:24",130
Arlo,"8/21/23, 08:35",44
Arlo,"8/21/23, 05:23",68
Arlo,"8/21/23, 03:07",121
Arlo,"8/20/23, 22:49",235
Arlo,"8/20/23, 20:53",99
Arlo,"8/20/23, 17:19",41
Arlo,"8/20/23, 13:15",84
Arlo,"8/20/23, 09:58",37
Arlo,"8/20/23, 03:45",215
Arlo,"8/19/23, 23:30",236
Arlo,"8/19/23, 20:20",169
Arlo,"8/19/23, 16:10",45
Arlo,"8/19/23, 12:50",35
Arlo,"8/19/23, 09:40",59
Arlo,"8/19/23, 05:22",120
Arlo,"8/19/23, 02:40",145
Arlo,"8/19/23, 02:11",18
Arlo,"8/18/23, 23:30",133
Arlo,"8/18/23, 20:50",113
Arlo,"8/18/23, 17:51",39
Arlo,"8/18/23, 13:04",138
Arlo,"8/18/23, 08:44",94
Arlo,"8/18/23, 01:31",328
Arlo,"8/17/23, 22:11",64
Arlo,"8/17/23, 20:45",75
Arlo,"8/17/23, 17:11",38
Arlo,"8/17/23, 11:30",130
Arlo,"8/17/23, 08:30",104
Arlo,"8/17/23, 02:49",207
Arlo,"8/16/23, 20:45",335
Arlo,"8/16/23, 17:28",43
Arlo,"8/16/23, 15:10",47
Arlo,"8/16/23, 11:18",97
Arlo,"8/16/23, 08:35",38
Arlo,"8/16/23, 02:08",231
Arlo,"8/15/23, 20:55",300
Arlo,"8/15/23, 17:20",31
Arlo,"8/15/23, 14:30",40
Arlo,"8/15/23, 11:43",47
Arlo,"8/15/23, 08:40",49
Arlo,"8/15/23, 00:50",336
Arlo,"8/14/23, 20:43",235
Arlo,"8/14/23, 17:40",30
Arlo,"8/14/23, 14:55",48
Arlo,"8/14/23, 12:10",48
Arlo,"8/14/23, 09:00",68
Arlo,"8/14/23, 05:15",70
Arlo,"8/14/23, 00:57",243
Arlo,"8/14/23, 00:36",13
Arlo,"8/13/23, 20:22",234
Arlo,"8/13/23, 16:44",49
Arlo,"8/13/23, 11:30",147
Arlo,"8/13/23, 08:20",50
Arlo,"8/13/23, 04:13",128
Arlo,"8/12/23, 23:40",258
Arlo,"8/12/23, 20:15",194
Arlo,"8/12/23, 15:55",76
Arlo,"8/12/23, 11:30",105
Arlo,"8/12/23, 07:51",66
Arlo,"8/12/23, 01:03",306
Arlo,"8/11/23, 19:33",319
Arlo,"8/11/23, 15:38",48
Arlo,"8/11/23, 12:40",48
Arlo,"8/11/23, 09:05",77
Arlo,"8/11/23, 03:59",181
Arlo,"8/10/23, 21:10",391
Arlo,"8/10/23, 17:58",37
Arlo,"8/10/23, 15:00",54
Arlo,"8/10/23, 11:49",64
Arlo,"8/10/23, 09:30",48
Arlo,"8/9/23, 22:28",531
Arlo,"8/9/23, 20:55",73
Arlo,"8/9/23, 17:58",26
Arlo,"8/9/23, 14:50",75
Arlo,"8/9/23, 12:00",60
Arlo,"8/9/23, 09:07",40
Arlo,"8/9/23, 00:31",388
Arlo,"8/8/23, 21:00",195
Arlo,"8/8/23, 16:40",76
Arlo,"8/8/23, 15:40",38
Arlo,"8/8/23, 14:03",12
Arlo,"8/8/23, 12:20",41
Arlo,"8/8/23, 09:05",49
Arlo,"8/8/23, 04:30",153
Arlo,"8/8/23, 00:37",218
Arlo,"8/7/23, 20:35",215
Arlo,"8/7/23, 16:55",69
Arlo,"8/7/23, 14:45",38
Arlo,"8/7/23, 12:00",40
Arlo,"8/7/23, 09:10",31
Arlo,"8/7/23, 01:13",319
Arlo,"8/6/23, 21:24",211
Arlo,"8/6/23, 17:45",46
Arlo,"8/6/23, 13:39",111
Arlo,"8/6/23, 10:55",40
Arlo,"8/6/23, 08:07",39
Arlo,"8/6/23, 03:52",149
Arlo,"8/6/23, 01:31",119
Arlo,"8/5/23, 23:08",137
Arlo,"8/5/23, 20:55",122
Arlo,"8/5/23, 18:01",35
Arlo,"8/5/23, 13:55",114
Arlo,"8/5/23, 11:25",30
Arlo,"8/5/23, 08:25",54
Arlo,"8/5/23, 03:12",207
Arlo,"8/5/23, 01:55",60
Arlo,"8/4/23, 23:39",127
Arlo,"8/4/23, 21:00",150
Arlo,"8/4/23, 16:58",52
Arlo,"8/4/23, 14:05",40
Arlo,"8/4/23, 10:55",55
Arlo,"8/4/23, 08:24",45
Arlo,"8/4/23, 04:01",178
Arlo,"8/4/23, 03:01",47
Arlo,"8/4/23, 00:27",146
Arlo,"8/3/23, 21:15",180
Arlo,"8/3/23, 17:30",53
Arlo,"8/3/23, 14:20",45
Arlo,"8/3/23, 10:40",35
Arlo,"8/3/23, 07:24",80
Arlo,"8/3/23, 03:24",145
Arlo,"8/3/23, 02:31",40
Arlo,"8/3/23, 02:14",9
Arlo,"8/3/23, 01:02",65
Arlo,"8/2/23, 21:10",220
Arlo,"8/2/23, 17:53",36
Arlo,"8/2/23, 14:00",125
Arlo,"8/2/23, 11:20",40
Arlo,"8/2/23, 08:40",35
Arlo,"8/2/23, 04:16",143
Arlo,"8/2/23, 00:04",236
Arlo,"8/1/23, 20:20",212
Arlo,"8/1/23, 16:40",46
Arlo,"8/1/23, 13:40",41
Arlo,"8/1/23, 10:50",45
Arlo,"8/1/23, 07:34",47
Arlo,"8/1/23, 03:36",144
Arlo,"8/1/23, 01:28",112
Arlo,"7/31/23, 21:45",209
Arlo,"7/31/23, 20:22",72
Arlo,"7/31/23, 19:23",53
Arlo,"7/31/23, 15:44",42
Arlo,"7/31/23, 12:25",58
Arlo,"7/31/23, 09:08",49
Arlo,"7/31/23, 06:01",62
Arlo,"7/31/23, 02:43",182
Arlo,"7/30/23, 23:08",201
Arlo,"7/30/23, 20:05",172
Arlo,"7/30/23, 14:43",128
Arlo,"7/30/23, 12:15",28
Arlo,"7/30/23, 09:10",45
Arlo,"7/30/23, 03:13",217
Arlo,"7/30/23, 00:30",150
Arlo,"7/29/23, 20:25",235
Arlo,"7/29/23, 16:09",55
Arlo,"7/29/23, 12:23",90
Arlo,"7/29/23, 09:31",50
Arlo,"7/29/23, 05:43",116
Arlo,"7/29/23, 02:15",190
Arlo,"7/29/23, 01:04",46
Arlo,"7/28/23, 23:26",77
Arlo,"7/28/23, 21:12",118
Arlo,"7/28/23, 17:08",73
Arlo,"7/28/23, 14:08",51
Arlo,"7/28/23, 11:24",42
Arlo,"7/28/23, 08:28",48
Arlo,"7/28/23, 05:25",77
Arlo,"7/28/23, 05:04",13
Arlo,"7/28/23, 04:06",51
Arlo,"7/28/23, 00:49",182
Arlo,"7/27/23, 23:22",82
Arlo,"7/27/23, 20:30",162
Arlo,"7/27/23, 15:55",50
Arlo,"7/27/23, 13:15",48
Arlo,"7/27/23, 08:21",124
Arlo,"7/27/23, 05:18",79
Arlo,"7/27/23, 03:55",70
Arlo,"7/27/23, 03:39",7
Arlo,"7/27/23, 01:27",121
Arlo,"7/26/23, 23:12",118
Arlo,"7/26/23, 21:05",114
Arlo,"7/26/23, 17:15",42
Arlo,"7/26/23, 14:08",40
Arlo,"7/26/23, 11:31",41
Arlo,"7/26/23, 07:18",109
Arlo,"7/26/23, 03:48",122
Arlo,"7/26/23, 00:32",182
Arlo,"7/25/23, 21:20",169
Arlo,"7/25/23, 18:35",39
Arlo,"7/25/23, 15:35",46
Arlo,"7/25/23, 12:39",36
Arlo,"7/25/23, 10:50",8
Arlo,"7/25/23, 08:16",47
Arlo,"7/25/23, 04:38",112
Arlo,"7/25/23, 02:53",73
Arlo,"7/24/23, 23:49",173
Arlo,"7/24/23, 20:40",169
Arlo,"7/24/23, 16:53",47
Arlo,"7/24/23, 13:12",109
Arlo,"7/24/23, 08:54",98
Arlo,"7/24/23, 05:36",103
Arlo,"7/24/23, 04:05",78
Arlo,"7/24/23, 02:33",72
Arlo,"7/24/23, 01:24",46
Arlo,"7/23/23, 23:57",80
Arlo,"7/23/23, 20:35",181
Arlo,"7/23/23, 17:08",40
Arlo,"7/23/23, 14:12",39
Arlo,"7/23/23, 11:30",47
Arlo,"7/23/23, 07:55",86
Arlo,"7/23/23, 04:52",57
Arlo,"7/23/23, 03:40",56
Arlo,"7/23/23, 01:33",117
Arlo,"7/22/23, 23:08",126
Arlo,"7/22/23, 20:07",168
Arlo,"7/22/23, 16:29",47
Arlo,"7/22/23, 12:17",142
Arlo,"7/22/23, 09:33",54
Arlo,"7/22/23, 04:18",211
Arlo,"7/22/23, 00:35",201
Arlo,"7/21/23, 21:15",186
Arlo,"7/21/23, 17:45",46
Arlo,"7/21/23, 14:54",51
Arlo,"7/21/23, 12:00",53
Arlo,"7/21/23, 08:57",66
Arlo,"7/21/23, 04:25",176
Arlo,"7/21/23, 02:50",89
Arlo,"7/21/23, 00:38",108
Arlo,"7/20/23, 21:20",182
Arlo,"7/20/23, 17:45",58
Arlo,"7/20/23, 14:52",44
Arlo,"7/20/23, 11:40",63
Arlo,"7/20/23, 09:05",49
Arlo,"7/20/23, 05:05",125
Arlo,"7/20/23, 03:44",69
Arlo,"7/20/23, 02:12",83
Arlo,"7/19/23, 22:59",173
Arlo,"7/19/23, 20:50",114
Arlo,"7/19/23, 17:45",39
Arlo,"7/19/23, 13:35",70
Arlo,"7/19/23, 10:57",33
Arlo,"7/19/23, 08:15",46
Arlo,"7/19/23, 05:41",67
Arlo,"7/19/23, 04:10",80
Arlo,"7/18/23, 22:57",288
Arlo,"7/18/23, 19:30",173
Arlo,"7/18/23, 15:20",37
Arlo,"7/18/23, 11:34",84
Arlo,"7/18/23, 08:10",44
Arlo,"7/18/23, 05:43",66
Arlo,"7/18/23, 04:43",55
Arlo,"7/18/23, 01:40",166
Arlo,"7/17/23, 23:16",118
Arlo,"7/17/23, 21:21",101
Arlo,"7/17/23, 16:51",40
Arlo,"7/17/23, 14:30",35
Arlo,"7/17/23, 11:35",49
Arlo,"7/17/23, 10:59",33
Arlo,"7/17/23, 07:15",115
Arlo,"7/17/23, 05:06",102
Arlo,"7/17/23, 03:04",95
Arlo,"7/17/23, 00:38",121
Arlo,"7/16/23, 21:19",187
Arlo,"7/16/23, 16:07",108
Arlo,"7/16/23, 12:44",78
Arlo,"7/16/23, 10:00",47
Arlo,"7/16/23, 05:09",155
Arlo,"7/15/23, 22:45",367
Arlo,"7/15/23, 19:29",50
Arlo,"7/15/23, 16:01",39
Arlo,"7/15/23, 13:47",41
Arlo,"7/15/23, 11:21",33
Arlo,"7/15/23, 08:18",47
Arlo,"7/15/23, 04:12",140
Arlo,"7/15/23, 00:23",208
Arlo,"7/14/23, 21:10",175
Arlo,"7/14/23, 17:08",51
Arlo,"7/14/23, 14:07",61
Arlo,"7/14/23, 11:02",64
Arlo,"7/14/23, 08:53",41
Arlo,"7/14/23, 05:09",123
Arlo,"7/14/23, 02:34",134
Arlo,"7/13/23, 23:33",118
Arlo,"7/13/23, 21:00",129
Arlo,"7/13/23, 16:38",61
Arlo,"7/13/23, 13:43",60
Arlo,"7/13/23, 10:50",49
Arlo,"7/13/23, 08:28",46
Arlo,"7/13/23, 04:07",174
Arlo,"7/13/23, 02:22",88
Arlo,"7/12/23, 23:05",170
Arlo,"7/12/23, 21:00",112
Arlo,"7/12/23, 17:10",55
Arlo,"7/12/23, 14:22",54
Arlo,"7/12/23, 11:35",48
Arlo,"7/12/23, 09:25",34
Arlo,"7/12/23, 05:11",157
Arlo,"7/12/23, 02:26",143
Arlo,"7/12/23, 02:11",10
Arlo,"7/11/23, 23:38",132
Arlo,"7/11/23, 21:23",120
Arlo,"7/11/23, 18:48",38
Arlo,"7/11/23, 14:20",108
Arlo,"7/11/23, 11:43",37
Arlo,"7/11/23, 09:16",44
Arlo,"7/11/23, 04:42",173
Arlo,"7/11/23, 03:01",84
Arlo,"7/11/23, 00:12",148
Arlo,"7/10/23, 21:27",148
Arlo,"7/10/23, 18:06",41
Arlo,"7/10/23, 14:12",100
Arlo,"7/10/23, 11:43",29
Arlo,"7/10/23, 08:29",57
Arlo,"7/10/23, 06:15",50
Arlo,"7/10/23, 05:37",22
Arlo,"7/10/23, 03:47",99
Arlo,"7/10/23, 00:17",189
Arlo,"7/9/23, 21:00",175
Arlo,"7/9/23, 16:52",52
Arlo,"7/9/23, 13:54",55
Arlo,"7/9/23, 11:05",49
Arlo,"7/9/23, 08:29",41
Arlo,"7/9/23, 05:24",87
Arlo,"7/8/23, 23:08",354
Arlo,"7/8/23, 20:40",119
Arlo,"7/8/23, 16:42",55
Arlo,"7/8/23, 14:13",33
Arlo,"7/8/23, 10:50",78
Arlo,"7/8/23, 08:25",37
Arlo,"7/8/23, 04:41",130
Arlo,"7/8/23, 03:41",52
Arlo,"7/8/23, 02:41",44
Arlo,"7/8/23, 00:12",134
Arlo,"7/7/23, 23:40",16
Arlo,"7/7/23, 21:30",109
Arlo,"7/7/23, 19:08",41
Arlo,"7/7/23, 15:58",45
Arlo,"7/7/23, 13:17",41
Arlo,"7/7/23, 10:40",39
Arlo,"7/7/23, 08:28",37
Arlo,"7/7/23, 06:12",39
Arlo,"7/7/23, 02:50",170
Arlo,"7/7/23, 02:32",8
Arlo,"7/7/23, 01:40",28
Arlo,"7/7/23, 00:39",56
Arlo,"7/7/23, 00:19",15
Arlo,"7/6/23, 20:55",185
Arlo,"7/6/23, 17:18",41
Arlo,"7/6/23, 14:21",40
Arlo,"7/6/23, 10:49",95
Arlo,"7/6/23, 08:44",39
Arlo,"7/6/23, 02:55",241
Arlo,"7/6/23, 02:16",33
Arlo,"7/6/23, 01:49",20
Arlo,"7/5/23, 23:22",127
Arlo,"7/5/23, 22:59",17
Arlo,"7/5/23, 20:58",100
Arlo,"7/5/23, 16:57",43
Arlo,"7/5/23, 13:10",92
Arlo,"7/5/23, 10:20",32
Arlo,"7/5/23, 08:30",27
Arlo,"7/5/23, 05:20",93
Arlo,"7/5/23, 03:48",68
Arlo,"7/5/23, 01:35",100
Arlo,"7/5/23, 01:19",9
Arlo,"7/4/23, 23:50",61
Arlo,"7/4/23, 22:18",85
Arlo,"7/4/23, 21:10",52
Arlo,"7/4/23, 16:37",86
Arlo,"7/4/23, 13:16",67
Arlo,"7/4/23, 10:43",39
Arlo,"7/4/23, 07:50",54
Arlo,"7/4/23, 05:25",48
Arlo,"7/4/23, 04:20",54
Arlo,"7/4/23, 03:04",65
Arlo,"7/4/23, 00:49",114
Arlo,"7/3/23, 23:01",90
Arlo,"7/3/23, 21:30",75
Arlo,"7/3/23, 20:25",60
Arlo,"7/3/23, 16:26",46
Arlo,"7/3/23, 13:42",39
Arlo,"7/3/23, 10:30",44
Arlo,"7/3/23, 08:17",40
Arlo,"7/3/23, 04:50",109
Arlo,"7/3/23, 01:42",165
Arlo,"7/2/23, 23:24",117
Arlo,"7/2/23, 21:00",124
Arlo,"7/2/23, 17:55",36
Arlo,"7/2/23, 15:14",38
Arlo,"7/2/23, 12:39",30
Arlo,"7/2/23, 09:25",81
Arlo,"7/2/23, 06:30",80
Arlo,"7/2/23, 04:13",117
Arlo,"7/2/23, 01:07",166
Arlo,"7/1/23, 22:05",161
Arlo,"7/1/23, 20:43",58
Arlo,"7/1/23, 16:17",71
Arlo,"7/1/23, 13:05",40
Arlo,"7/1/23, 10:31",50
Arlo,"7/1/23, 06:09",163
Arlo,"7/1/23, 04:45",60
Arlo,"7/1/23, 03:30",65
Arlo,"7/1/23, 00:10",184
Arlo,"6/30/23, 21:10",111
Arlo,"6/30/23, 17:24",51
Arlo,"6/30/23, 14:00",68
Arlo,"6/30/23, 11:02",39
Arlo,"6/30/23, 08:38",43
Arlo,"6/30/23, 04:45",129
Arlo,"6/30/23, 01:40",171
Arlo,"6/30/23, 00:41",49
Arlo,"6/29/23, 21:30",170
Arlo,"6/29/23, 20:30",52
Arlo,"6/29/23, 16:40",41
Arlo,"6/29/23, 13:51",56
Arlo,"6/29/23, 11:20",54
Arlo,"6/29/23, 09:12",46
Arlo,"6/29/23, 04:41",174
Arlo,"6/29/23, 03:41",53
Arlo,"6/29/23, 00:30",166
Arlo,"6/28/23, 21:35",104
Arlo,"6/28/23, 20:20",43
Arlo,"6/28/23, 16:27",45
Arlo,"6/28/23, 13:26",53
Arlo,"6/28/23, 10:44",56
Arlo,"6/28/23, 08:19",48
Arlo,"6/28/23, 03:52",168
Arlo,"6/28/23, 02:00",65
Arlo,"6/28/23, 00:30",65
Arlo,"6/27/23, 21:10",183
Arlo,"6/27/23, 18:20",42
Arlo,"6/27/23, 15:14",43
Arlo,"6/27/23, 11:12",112
Arlo,"6/27/23, 09:02",43
Arlo,"6/27/23, 04:50",145
Arlo,"6/27/23, 02:20",124
Arlo,"6/26/23, 23:01",179
Arlo,"6/26/23, 20:35",129
Arlo,"6/26/23, 16:19",44
Arlo,"6/26/23, 13:49",45
Arlo,"6/26/23, 10:47",69
Arlo,"6/26/23, 08:36",45
Arlo,"6/26/23, 05:17",103
Arlo,"6/26/23, 02:33",146
Arlo,"6/26/23, 00:19",115
Arlo,"6/25/23, 20:50",189
Arlo,"6/25/23, 17:38",43
Arlo,"6/25/23, 14:50",44
Arlo,"6/25/23, 12:08",61
Arlo,"6/25/23, 09:22",43
Arlo,"6/25/23, 03:55",217
Arlo,"6/25/23, 00:56",156
Arlo,"6/24/23, 23:26",68
Arlo,"6/24/23, 21:10",120
Arlo,"6/24/23, 18:33",41
Arlo,"6/24/23, 15:40",50
Arlo,"6/24/23, 13:31",44
Arlo,"6/24/23, 11:10",33
Arlo,"6/24/23, 08:50",39
Arlo,"6/24/23, 05:00",125
Arlo,"6/24/23, 03:16",88
Arlo,"6/23/23, 23:27",188
Arlo,"6/23/23, 20:50",134
Arlo,"6/23/23, 18:06",54
Arlo,"6/23/23, 15:20",56
Arlo,"6/23/23, 13:09",50
Arlo,"6/23/23, 10:38",46
Arlo,"6/23/23, 08:19",44
Arlo,"6/23/23, 05:45",60
Arlo,"6/23/23, 03:50",92
Arlo,"6/23/23, 02:45",47
Arlo,"6/23/23, 01:34",60
Arlo,"6/23/23, 00:06",65
Arlo,"6/22/23, 21:55",114
Arlo,"6/22/23, 20:25",71
Arlo,"6/22/23, 17:15",40
Arlo,"6/22/23, 13:06",121
Arlo,"6/22/23, 11:14",49
Arlo,"6/22/23, 08:37",47
Arlo,"6/22/23, 04:29",161
Arlo,"6/22/23, 02:25",72
Arlo,"6/21/23, 22:40",205
Arlo,"6/21/23, 21:45",38
Arlo,"6/21/23, 19:25",35
Arlo,"6/21/23, 16:39",35
Arlo,"6/21/23, 14:02",30
Arlo,"6/21/23, 11:18",48
Arlo,"6/21/23, 08:40",53
Arlo,"6/21/23, 03:53",201
Arlo,"6/21/23, 02:26",75
Arlo,"6/20/23, 23:06",177
Arlo,"6/20/23, 20:43",120
Arlo,"6/20/23, 16:19",84
Arlo,"6/20/23, 13:44",40
Arlo,"6/20/23, 11:01",48
Arlo,"6/20/23, 08:17",35
Arlo,"6/20/23, 03:47",179
Arlo,"6/20/23, 02:40",44
Arlo,"6/19/23, 22:33",215
Arlo,"6/19/23, 20:35",64
Arlo,"6/19/23, 17:27",45
Arlo,"6/19/23, 14:35",30
Arlo,"6/19/23, 12:17",30
Arlo,"6/19/23, 08:40",119
Arlo,"6/19/23, 04:04",175
Arlo,"6/19/23, 01:12",147
Arlo,"6/18/23, 22:27",135
Arlo,"6/18/23, 21:00",63
Arlo,"6/18/23, 18:15",29
Arlo,"6/18/23, 14:52",29
Arlo,"6/18/23, 11:25",113
Arlo,"6/18/23, 08:40",29
Arlo,"6/18/23, 03:51",170
Arlo,"6/18/23, 02:33",58
Arlo,"6/17/23, 21:10",307
Arlo,"6/17/23, 19:15",14
Arlo,"6/17/23, 16:00",44
Arlo,"6/17/23, 12:27",87
Arlo,"6/17/23, 09:40",83
Arlo,"6/17/23, 07:45",30
Arlo,"6/17/23, 05:38",56
Arlo,"6/17/23, 01:24",240
Arlo,"6/16/23, 20:57",248
Arlo,"6/16/23, 18:05",52
Arlo,"6/16/23, 15:08",44
Arlo,"6/16/23, 12:55",29
Arlo,"6/16/23, 10:20",39
Arlo,"6/16/23, 08:38",27
Arlo,"6/16/23, 06:10",24
Arlo,"6/16/23, 03:29",140
Arlo,"6/15/23, 23:59",188
Arlo,"6/15/23, 20:50",172
Arlo,"6/15/23, 17:43",42
Arlo,"6/15/23, 13:50",102
Arlo,"6/15/23, 11:03",59
Arlo,"6/15/23, 08:37",35
Arlo,"6/15/23, 05:43",51
Arlo,"6/15/23, 02:02",203
Arlo,"6/14/23, 20:45",293
Arlo,"6/14/23, 17:53",34
Arlo,"6/14/23, 14:55",44
Arlo,"6/14/23, 12:26",54
Arlo,"6/14/23, 10:49",20
Arlo,"6/14/23, 07:59",48
Arlo,"6/14/23, 05:30",51
Arlo,"6/14/23, 01:41",203
Arlo,"6/14/23, 00:10",65
Arlo,"6/13/23, 21:48",128
Arlo,"6/13/23, 20:45",49
Arlo,"6/13/23, 17:59",40
Arlo,"6/13/23, 15:12",40
Arlo,"6/13/23, 12:46",41
Arlo,"6/13/23, 09:50",68
Arlo,"6/13/23, 07:02",99
Arlo,"6/13/23, 03:42",102
Arlo,"6/12/23, 23:12",236
Arlo,"6/12/23, 19:43",190
Arlo,"6/12/23, 14:59",70
Arlo,"6/12/23, 12:44",42
Arlo,"6/12/23, 10:28",51
Arlo,"6/12/23, 08:19",42
Arlo,"6/12/23, 03:56",173
Arlo,"6/12/23, 00:11",193
Arlo,"6/11/23, 22:15",94
Arlo,"6/11/23, 20:40",76
Arlo,"6/11/23, 18:02",48
Arlo,"6/11/23, 14:45",98
Arlo,"6/11/23, 13:05",43
Arlo,"6/11/23, 11:00",32
Arlo,"6/11/23, 08:41",34
Arlo,"6/11/23, 06:10",58
Arlo,"6/11/23, 04:01",110
Arlo,"6/11/23, 01:36",114
Arlo,"6/10/23, 22:25",171
Arlo,"6/10/23, 20:14",106
Arlo,"6/10/23, 17:02",76,Take 2
Arlo,"6/10/23, 13:44",38
Arlo,"6/10/23, 11:09",39
Arlo,"6/10/23, 08:45",44
Arlo,"6/10/23, 05:48",89
Arlo,"6/10/23, 02:55",134
Arlo,"6/9/23, 23:47",163
Arlo,"6/9/23, 21:10",119
Arlo,"6/9/23, 19:50",58
Arlo,"6/9/23, 16:35",44
Arlo,"6/9/23, 12:52",123
Arlo,"6/9/23, 10:33",46
Arlo,"6/9/23, 08:01",43
Arlo,"6/9/23, 05:03",88
Arlo,"6/9/23, 02:46",123
Arlo,"6/8/23, 23:26",175
Arlo,"6/8/23, 22:00",70
Arlo,"6/8/23, 20:38",73
Arlo,"6/8/23, 19:20",60
Arlo,"6/8/23, 16:18",55
Arlo,"6/8/23, 14:55",19
Arlo,"6/8/23, 12:20",54
Arlo,"6/8/23, 10:08",43
Arlo,"6/8/23, 07:38",52
Arlo,"6/8/23, 03:19",159
Arlo,"6/8/23, 01:08",111
Arlo,"6/8/23, 00:53",7
Arlo,"6/7/23, 23:03",88
Arlo,"6/7/23, 19:27",190
Arlo,"6/7/23, 16:20",43
Arlo,"6/7/23, 12:56",92
Arlo,"6/7/23, 10:31",43
Arlo,"6/7/23, 07:59",46
Arlo,"6/7/23, 03:30",184
Arlo,"6/7/23, 01:01",128
Arlo,"6/6/23, 21:35",182
Arlo,"6/6/23, 19:58",66
Arlo,"6/6/23, 16:18",59
Arlo,"6/6/23, 13:56",42
Arlo,"6/6/23, 11:46",40
Arlo,"6/6/23, 08:45",69
Arlo,"6/6/23, 04:56",119
Arlo,"6/6/23, 02:21",139
Arlo,"6/5/23, 23:38",137
Arlo,"6/5/23, 20:25",160
Arlo,"6/5/23, 16:44",71
Arlo,"6/5/23, 14:36",38
Arlo,"6/5/23, 12:07",61
Arlo,"6/5/23, 08:47",89
Arlo,"6/5/23, 04:40",152
Arlo,"6/5/23, 02:05",130
Arlo,"6/4/23, 22:42",183
Arlo,"6/4/23, 20:34",110
Arlo,"6/4/23, 17:50",40
Arlo,"6/4/23, 16:25",54
Arlo,"6/4/23, 13:56",47
Arlo,"6/4/23, 11:55",20
Arlo,"6/4/23, 09:10",61
Arlo,"6/4/23, 05:08",122
Arlo,"6/4/23, 02:01",171
Arlo,"6/3/23, 21:30",242
Arlo,"6/3/23, 18:15",77
Arlo,"6/3/23, 15:30",41
Arlo,"6/3/23, 13:05",30
Arlo,"6/3/23, 10:40",32
Arlo,"6/3/23, 08:40",35
Arlo,"6/3/23, 07:15",9
Arlo,"6/3/23, 03:41",189
Arlo,"6/3/23, 00:37",142
Arlo,"6/2/23, 21:15",177
Arlo,"6/2/23, 18:35",65
Arlo,"6/2/23, 15:32",78
Arlo,"6/2/23, 13:14",49
Arlo,"6/2/23, 10:31",71
Arlo,"6/2/23, 08:05",48
Arlo,"6/2/23, 04:39",123
Arlo,"6/2/23, 02:23",123
Arlo,"6/2/23, 00:20",107
Arlo,"6/1/23, 21:00",170
Arlo,"6/1/23, 18:25",43
Arlo,"6/1/23, 15:27",58
Arlo,"6/1/23, 13:06",46
Arlo,"6/1/23, 10:20",58
Arlo,"6/1/23, 08:18",39
Arlo,"6/1/23, 05:10",103
Arlo,"6/1/23, 02:41",128
Arlo,"5/31/23, 23:58",143
Arlo,"5/31/23, 21:00",126
Arlo,"5/31/23, 18:25",36
Arlo,"5/31/23, 15:09",90
Arlo,"5/31/23, 13:20",40
Arlo,"5/31/23, 11:11",33
Arlo,"5/31/23, 08:40",39
Arlo,"5/31/23, 06:02",72
Arlo,"5/31/23, 02:55",170
Arlo,"5/31/23, 01:14",76
Arlo,"5/30/23, 22:53",128
Arlo,"5/30/23, 20:30",127
Arlo,"5/30/23, 17:25",45
Arlo,"5/30/23, 14:50",34
Arlo,"5/30/23, 12:29",49
Arlo,"5/30/23, 10:20",32
Arlo,"5/30/23, 08:15",37
Arlo,"5/30/23, 03:52",169
Arlo,"5/30/23, 01:40",108
Arlo,"5/29/23, 23:15",127
Arlo,"5/29/23, 21:15",101
Arlo,"5/29/23, 18:11",74
Arlo,"5/29/23, 14:59",65
Arlo,"5/29/23, 13:07",14
Arlo,"5/29/23, 10:53",41
Arlo,"5/29/23, 08:13",71
Arlo,"5/29/23, 04:33",122
Arlo,"5/29/23, 02:40",80
Arlo,"5/28/23, 23:43",123
Arlo,"5/28/23, 20:46",156
Arlo,"5/28/23, 18:45",19
Arlo,"5/28/23, 16:08",54
Arlo,"5/28/23, 12:55",110
Arlo,"5/28/23, 10:42",38
Arlo,"5/28/23, 08:45",35
Arlo,"5/28/23, 06:02",81
Arlo,"5/28/23, 02:51",175
Arlo,"5/27/23, 22:42",196
Arlo,"5/27/23, 20:10",131
Arlo,"5/27/23, 18:43",15
Arlo,"5/27/23, 16:31",43
Arlo,"5/27/23, 13:49",44
Arlo,"5/27/23, 11:30",49
Arlo,"5/27/23, 08:51",45
Arlo,"5/27/23, 06:15",60
Arlo,"5/27/23, 04:41",75
Arlo,"5/27/23, 03:22",59
Arlo,"5/27/23, 00:55",115
Arlo,"5/26/23, 21:10",201
Arlo,"5/26/23, 18:30",45
Arlo,"5/26/23, 14:25",100
Arlo,"5/26/23, 12:29",35
Arlo,"5/26/23, 10:14",43
Arlo,"5/26/23, 08:02",26
Arlo,"5/26/23, 04:46",119
Arlo,"5/26/23, 03:46",49
Arlo,"5/26/23, 00:25",173
Arlo,"5/25/23, 21:50",128
Arlo,"5/25/23, 20:40",40
Arlo,"5/25/23, 17:25",49
Arlo,"5/25/23, 14:51",78
Arlo,"5/25/23, 12:41",36
Arlo,"5/25/23, 09:55",70
Arlo,"5/25/23, 07:40",33
Arlo,"5/25/23, 03:00",204
Arlo,"5/24/23, 20:55",334
Arlo,"5/24/23, 18:00",49
Arlo,"5/24/23, 14:34",87
Arlo,"5/24/23, 11:54",37
Arlo,"5/24/23, 11:38",10
Arlo,"5/24/23, 09:40",27
Arlo,"5/24/23, 07:21",42
Arlo,"5/24/23, 04:54",64
Arlo,"5/24/23, 01:40",157
Arlo,"5/23/23, 21:05",242
Arlo,"5/23/23, 18:38",52
Arlo,"5/23/23, 16:25",24
Arlo,"5/23/23, 13:40",34
Arlo,"5/23/23, 11:25",36
Arlo,"5/23/23, 08:45",49
Arlo,"5/23/23, 06:14",56
Arlo,"5/23/23, 02:05",209
Arlo,"5/22/23, 20:35",297
Arlo,"5/22/23, 16:50",44
Arlo,"5/22/23, 14:12",50
Arlo,"5/22/23, 11:40",35
Arlo,"5/22/23, 08:30",49
Arlo,"5/22/23, 06:12",46
Arlo,"5/22/23, 04:07",108
Arlo,"5/22/23, 01:40",112
Arlo,"5/21/23, 23:40",62
Arlo,"5/21/23, 20:23",161
Arlo,"5/21/23, 18:05",25
Arlo,"5/21/23, 15:42",56
Arlo,"5/21/23, 13:25",36
Arlo,"5/21/23, 11:25",30
Arlo,"5/21/23, 08:25",80
Arlo,"5/21/23, 05:40",60
Arlo,"5/21/23, 04:10",54
Arlo,"5/21/23, 02:05",95
Arlo,"5/20/23, 23:56",101
Arlo,"5/20/23, 22:37",67
Arlo,"5/20/23, 21:00",65
Arlo,"5/20/23, 19:15",20
Arlo,"5/20/23, 16:42",24
Arlo,"5/20/23, 13:39",47
Arlo,"5/20/23, 11:46",28
Arlo,"5/20/23, 09:05",47
Arlo,"5/20/23, 06:30",59
Arlo,"5/20/23, 05:21",59
Arlo,"5/20/23, 04:25",18
Arlo,"5/20/23, 03:11",53
Arlo,"5/20/23, 00:45",124,"Slept 1-140, 150-250"
Arlo,"5/19/23, 21:45",149
Arlo,"5/19/23, 19:30",64
Arlo,"5/19/23, 18:43",13
Arlo,"5/19/23, 14:46",47
Arlo,"5/19/23, 12:30",39
Arlo,"5/19/23, 11:00",29
Arlo,"5/19/23, 09:35",25,"Contact, did paci nap for 15 min and 5 min before that "
Arlo,"5/19/23, 06:07",76
Arlo,"5/19/23, 04:20",80
Arlo,"5/19/23, 03:13",54
Arlo,"5/19/23, 00:33",120
Arlo,"5/18/23, 22:02",134
Arlo,"5/18/23, 20:20",87
Arlo,"5/18/23, 16:24",61
Arlo,"5/18/23, 13:35",69
Arlo,"5/18/23, 11:00",49
Arlo,"5/18/23, 10:15",24
Arlo,"5/18/23, 08:13",27
Arlo,"5/18/23, 05:46",56
Arlo,"5/18/23, 04:15",56
Arlo,"5/18/23, 02:25",65
Arlo,"5/18/23, 01:24",50
Arlo,"5/17/23, 22:58",117
Arlo,"5/17/23, 20:45",104
Arlo,"5/17/23, 18:41",21
Arlo,"5/17/23, 15:25",84
Arlo,"5/17/23, 12:50",45
Arlo,"5/17/23, 11:15",20
Arlo,"5/17/23, 08:35",35
Arlo,"5/17/23, 07:00",15
Arlo,"5/17/23, 05:20",55
Arlo,"5/17/23, 03:04",110
Arlo,"5/17/23, 00:52",102
Arlo,"5/16/23, 21:58",147
Arlo,"5/16/23, 20:15",32
Arlo,"5/16/23, 17:30",44
Arlo,"5/16/23, 15:23",23
Arlo,"5/16/23, 12:36",34
Arlo,"5/16/23, 09:55",45
Arlo,"5/16/23, 07:50",43
Arlo,"5/16/23, 04:46",109
Arlo,"5/16/23, 02:20",90
Arlo,"5/16/23, 00:15",62
Arlo,"5/15/23, 20:23",203
Arlo,"5/15/23, 18:06",35
Arlo,"5/15/23, 15:30",61
Arlo,"5/15/23, 13:15",39
Arlo,"5/15/23, 12:30",20
Arlo,"5/15/23, 10:25",32
Arlo,"5/15/23, 08:29",26
Arlo,"5/15/23, 04:00",159
Arlo,"5/15/23, 01:35",109
Arlo,"5/14/23, 21:00",245
Arlo,"5/14/23, 19:14",30
Arlo,"5/14/23, 16:25",54
Arlo,"5/14/23, 13:21",43
Arlo,"5/14/23, 10:35",74
Arlo,"5/14/23, 08:20",65
Arlo,"5/14/23, 03:30",169
Arlo,"5/14/23, 01:05",105
Arlo,"5/13/23, 21:15",195
Arlo,"5/13/23, 19:48",48
Arlo,"5/13/23, 16:45",30
Arlo,"5/13/23, 15:27",40
Arlo,"5/13/23, 13:09",39
Arlo,"5/13/23, 10:40",35
Arlo,"5/13/23, 08:35",36
Arlo,"5/13/23, 05:10",134
Arlo,"5/13/23, 01:45",175
Arlo,"5/12/23, 20:43",274
Arlo,"5/12/23, 17:09",43
Arlo,"5/12/23, 14:30",44
Arlo,"5/12/23, 13:20",30
Arlo,"5/12/23, 10:15",103
Arlo,"5/12/23, 09:07",20
Arlo,"5/12/23, 05:42",108
Arlo,"5/12/23, 02:30",163
Arlo,"5/11/23, 23:26",155
Arlo,"5/11/23, 21:00",119
Arlo,"5/11/23, 18:30",45
Arlo,"5/11/23, 16:25",24
Arlo,"5/11/23, 14:25",24
Arlo,"5/11/23, 12:10",44
Arlo,"5/11/23, 09:30",41
Arlo,"5/11/23, 05:10",150
Arlo,"5/11/23, 02:29",126
Arlo,"5/10/23, 21:23",279
Arlo,"5/10/23, 19:30",45
Arlo,"5/10/23, 16:05",39
Arlo,"5/10/23, 13:45",40
Arlo,"5/10/23, 11:35",29
Arlo,"5/10/23, 09:10",29
Arlo,"5/10/23, 05:59",84
Arlo,"5/10/23, 02:40",169
Arlo,"5/9/23, 20:50",318
Arlo,"5/9/23, 18:10",24
Arlo,"5/9/23, 15:25",34
Arlo,"5/9/23, 13:42",32
Arlo,"5/9/23, 10:51",46
Arlo,"5/9/23, 08:38",38
Arlo,"5/9/23, 05:01",111
Arlo,"5/9/23, 02:00",151
Arlo,"5/8/23, 21:14",252
Arlo,"5/8/23, 19:20",51
Arlo,"5/8/23, 15:55",43
Arlo,"5/8/23, 13:15",30
Arlo,"5/8/23, 11:25",30
Arlo,"5/8/23, 09:00",45
Arlo,"5/8/23, 05:15",127
Arlo,"5/8/23, 01:50",173
Arlo,"5/7/23, 21:30",229
Arlo,"5/7/23, 19:30",49
Arlo,"5/7/23, 15:48",101
Arlo,"5/7/23, 13:59",25
Arlo,"5/7/23, 11:10",70
Arlo,"5/7/23, 09:05",26
Arlo,"5/7/23, 04:35",161
Arlo,"5/7/23, 00:50",195
Arlo,"5/6/23, 21:45",154,"Tried Paci x10 min 
Dreamfeed"
Arlo,"5/6/23, 19:40",50
Arlo,"5/6/23, 17:40",31
Arlo,"5/6/23, 14:55",38
Arlo,"5/6/23, 11:50",65
Arlo,"5/6/23, 09:15",31
Arlo,"5/6/23, 05:35",110
Arlo,"5/6/23, 02:30",155
Arlo,"5/5/23, 21:10",289
Arlo,"5/5/23, 19:25",37
Arlo,"5/5/23, 16:05",51
Arlo,"5/5/23, 13:41",37
Arlo,"5/5/23, 12:00",31
Arlo,"5/5/23, 09:15",64
Arlo,"5/5/23, 06:45",59
Arlo,"5/5/23, 04:25",120
Arlo,"5/5/23, 03:05",60
Arlo,"5/5/23, 01:25",72
Arlo,"5/4/23, 23:58",61
Arlo,"5/4/23, 20:47",168
Arlo,"5/4/23, 19:05",55
Arlo,"5/4/23, 15:36",34
Arlo,"5/4/23, 12:58",46
Arlo,"5/4/23, 10:50",44
Arlo,"5/4/23, 08:30",27
Arlo,"5/4/23, 05:55",64
Arlo,"5/4/23, 03:40",115
Arlo,"5/3/23, 23:52",193
Arlo,"5/3/23, 19:58",196
Arlo,"5/3/23, 16:30",57
Arlo,"5/3/23, 14:26",44
Arlo,"5/3/23, 12:06",29
Arlo,"5/3/23, 11:00",30
Arlo,"5/3/23, 08:50",69
Arlo,"5/3/23, 06:15",40
Arlo,"5/3/23, 02:31",182
Arlo,"5/2/23, 23:08",178
Arlo,"5/2/23, 21:05",95
Arlo,"5/2/23, 18:55",69
Arlo,"5/2/23, 16:25",35
Arlo,"5/2/23, 14:20",59
Arlo,"5/2/23, 12:10",35
Arlo,"5/2/23, 09:23",42
Arlo,"5/2/23, 06:40",50
Arlo,"5/2/23, 04:45",104
Arlo,"5/2/23, 01:52",147
Arlo,"5/1/23, 21:10",251
Arlo,"5/1/23, 19:16",53
Arlo,"5/1/23, 16:10",43
Arlo,"5/1/23, 14:40",45
Arlo,"5/1/23, 14:00",24
Arlo,"5/1/23, 11:55",54
Arlo,"5/1/23, 11:03",16
Arlo,"5/1/23, 08:27",42
Arlo,"5/1/23, 05:11",92
Arlo,"5/1/23, 03:22",82
Arlo,"5/1/23, 01:20",96
Arlo,"4/30/23, 21:28",201
Arlo,"4/30/23, 18:40",95
Arlo,"4/30/23, 15:33",41
Arlo,"4/30/23, 13:00",60
Arlo,"4/30/23, 11:00",39
Arlo,"4/30/23, 08:41",54
Arlo,"4/30/23, 04:40",139
Arlo,"4/30/23, 02:00",137
Arlo,"4/29/23, 21:05",265
Arlo,"4/29/23, 18:27",30
Arlo,"4/29/23, 16:20",39
Arlo,"4/29/23, 13:30",55
Arlo,"4/29/23, 11:39",63
Arlo,"4/29/23, 10:33",32
Arlo,"4/29/23, 09:20",34
Arlo,"4/29/23, 05:39",91
Arlo,"4/29/23, 02:45",150
Arlo,"4/28/23, 21:23",284
Arlo,"4/28/23, 19:11",89
Arlo,"4/28/23, 16:45",20
Arlo,"4/28/23, 14:25",62
Arlo,"4/28/23, 11:30",55
Arlo,"4/28/23, 09:35",34
Arlo,"4/28/23, 06:30",67
Arlo,"4/28/23, 02:25",184
Arlo,"4/27/23, 22:05",227
Arlo,"4/27/23, 19:00",134
Arlo,"4/27/23, 17:20",19
Arlo,"4/27/23, 13:36",52
Arlo,"4/27/23, 11:05",50
Arlo,"4/27/23, 08:50",28
Arlo,"4/27/23, 05:33",98
Arlo,"4/27/23, 02:10",169
Arlo,"4/26/23, 20:53",278
Arlo,"4/26/23, 19:00",47
Arlo,"4/26/23, 15:30",40
Arlo,"4/26/23, 13:20",37
Arlo,"4/26/23, 10:50",35
Arlo,"4/26/23, 08:15",54
Arlo,"4/26/23, 03:41",164
Arlo,"4/26/23, 01:05",135
Arlo,"4/25/23, 22:04",145
Arlo,"4/25/23, 20:15",85
Arlo,"4/25/23, 18:20",42
Arlo,"4/25/23, 14:50",49
Arlo,"4/25/23, 13:45",35
Arlo,"4/25/23, 11:45",52
Arlo,"4/25/23, 10:47",18
Arlo,"4/25/23, 10:21",18
Arlo,"4/25/23, 08:35",21
Arlo,"4/25/23, 04:41",149
Arlo,"4/25/23, 03:35",39
Arlo,"4/25/23, 00:26",159
Arlo,"4/24/23, 21:03",171
Arlo,"4/24/23, 19:20",45
Arlo,"4/24/23, 17:05",15
Arlo,"4/24/23, 15:05",45
Arlo,"4/24/23, 12:45",50
Arlo,"4/24/23, 11:40",39
Arlo,"4/24/23, 09:05",37
Arlo,"4/24/23, 05:25",113
Arlo,"4/24/23, 02:35",134
Arlo,"4/24/23, 00:45",90
Arlo,"4/23/23, 19:49",245
Arlo,"4/23/23, 16:01",38
Arlo,"4/23/23, 13:38",24
Arlo,"4/23/23, 10:15",50
Arlo,"4/23/23, 08:15",30
Arlo,"4/23/23, 04:30",145
Arlo,"4/23/23, 01:20",150
Arlo,"4/22/23, 21:11",213
Arlo,"4/22/23, 19:25",61
Arlo,"4/22/23, 18:35",32
Arlo,"4/22/23, 16:45",20
Arlo,"4/22/23, 14:15",45
Arlo,"4/22/23, 12:30",27
Arlo,"4/22/23, 10:50",33
Arlo,"4/22/23, 09:45",20
Arlo,"4/22/23, 07:23",34
Arlo,"4/22/23, 06:00",45
Arlo,"4/22/23, 04:25",47
Arlo,"4/22/23, 01:30",140
Arlo,"4/21/23, 22:22",161
Arlo,"4/21/23, 20:30",82
Arlo,"4/21/23, 16:50",30
Arlo,"4/21/23, 14:40",20
Arlo,"4/21/23, 11:00",128
Arlo,"4/21/23, 09:30",23
Arlo,"4/21/23, 06:10",106
Arlo,"4/21/23, 05:08",33
Arlo,"4/21/23, 03:59",50,Soothing @ 50 min
Arlo,"4/21/23, 01:50",100
Arlo,"4/20/23, 22:26",164
Arlo,"4/20/23, 20:25",78
Arlo,"4/20/23, 17:20",70
Arlo,"4/20/23, 15:05",35
Arlo,"4/20/23, 13:10",36
Arlo,"4/20/23, 11:45",40
Arlo,"4/20/23, 10:20",21
Arlo,"4/20/23, 06:55",109
Arlo,"4/20/23, 05:25",62,Extended w paci after 40 min
Arlo,"4/20/23, 02:36",129,Extended with paci after one hour
Arlo,"4/20/23, 01:30",44,Extended with paci
Arlo,"4/20/23, 00:30",38
Arlo,"4/19/23, 21:37",127
Arlo,"4/19/23, 20:35",20
Arlo,"4/19/23, 18:20",25
Arlo,"4/19/23, 15:40",58
Arlo,"4/19/23, 13:30",56
Arlo,"4/19/23, 11:45",44
Arlo,"4/19/23, 10:33",20
Arlo,"4/19/23, 07:04",103
Arlo,"4/19/23, 06:00",34
Arlo,"4/19/23, 03:35",115,"On/off, gassy"
Arlo,"4/19/23, 02:20",45
Arlo,"4/19/23, 01:05",45
Arlo,"4/18/23, 21:34",163
Arlo,"4/18/23, 18:40",132
Arlo,"4/18/23, 14:40",65
Arlo,"4/18/23, 13:40",36
Arlo,"4/18/23, 12:13",29
Arlo,"4/18/23, 09:25",30
Arlo,"4/18/23, 05:10",130
Arlo,"4/18/23, 03:10",80
Arlo,"4/18/23, 01:05",90
Arlo,"4/17/23, 22:09",139
Arlo,"4/17/23, 18:53",161
Arlo,"4/17/23, 15:15",30
Arlo,"4/17/23, 14:20",39
Arlo,"4/17/23, 11:57",54
Arlo,"4/17/23, 10:00",91
Arlo,"4/17/23, 07:47",17
Arlo,"4/17/23, 04:20",30
Arlo,"4/17/23, 03:23",22
Arlo,"4/17/23, 02:01",48
Arlo,"4/16/23, 23:50",97
Arlo,"4/16/23, 20:58",134
Arlo,"4/16/23, 18:30",35
Arlo,"4/16/23, 17:22",36
Arlo,"4/16/23, 15:49",32
Arlo,"4/16/23, 12:00",41
Arlo,"4/16/23, 10:28",27
Arlo,"4/16/23, 07:25",85
Arlo,"4/16/23, 06:00",45
Arlo,"4/16/23, 04:52",38
Arlo,"4/16/23, 03:50",39
Arlo,"4/16/23, 02:40",40
Arlo,"4/16/23, 01:45",40
Arlo,"4/15/23, 22:58",121
Arlo,"4/15/23, 19:30",169
Arlo,"4/15/23, 17:40",45
Arlo,"4/15/23, 14:30",90
Arlo,"4/15/23, 11:32",77
Arlo,"4/15/23, 09:30",30
Arlo,"4/15/23, 07:20",85
Arlo,"4/15/23, 04:53",94
Arlo,"4/15/23, 02:06",133
Arlo,"4/14/23, 23:15",137
Arlo,"4/14/23, 21:00",80
Arlo,"4/14/23, 19:15",56
Arlo,"4/14/23, 16:00",58
Arlo,"4/14/23, 11:16",99
Arlo,"4/14/23, 10:06",38
Arlo,"4/14/23, 08:15",24
Arlo,"4/14/23, 04:36",125
Arlo,"4/14/23, 03:15",55
Arlo,"4/14/23, 00:38",111
Arlo,"4/13/23, 21:14",158
Arlo,"4/13/23, 19:00",105
Arlo,"4/13/23, 16:25",30
Arlo,"4/13/23, 14:20",24
Arlo,"4/13/23, 12:20",35
Arlo,"4/13/23, 10:25",33
Arlo,"4/13/23, 08:24",36
Arlo,"4/13/23, 06:20",30
Arlo,"4/13/23, 04:40",82
Arlo,"4/13/23, 03:18",42
Arlo,"4/13/23, 01:46",60
Arlo,"4/13/23, 00:02",78
Arlo,"4/12/23, 21:02",139
Arlo,"4/12/23, 19:02",61
Arlo,"4/12/23, 14:30",44
Arlo,"4/12/23, 12:15",49
Arlo,"4/12/23, 11:00",45
Arlo,"4/12/23, 08:30",72
Arlo,"4/12/23, 07:04",16
Arlo,"4/12/23, 05:53",52
Arlo,"4/12/23, 04:31",37
Arlo,"4/12/23, 03:23",49
Arlo,"4/12/23, 00:40",124
Arlo,"4/11/23, 21:28",150
Arlo,"4/11/23, 18:03",144
Arlo,"4/11/23, 14:45",19
Arlo,"4/11/23, 11:27",93
Arlo,"4/11/23, 10:14",37
Arlo,"4/11/23, 06:53",43
Arlo,"4/11/23, 04:27",129
Arlo,"4/11/23, 03:23",31
Arlo,"4/11/23, 01:41",48
Arlo,"4/10/23, 23:03",117
Arlo,"4/10/23, 20:12",129
Arlo,"4/10/23, 18:30",30
Arlo,"4/10/23, 15:15",85
Arlo,"4/10/23, 12:05",105
Arlo,"4/10/23, 09:55",44
Arlo,"4/10/23, 07:25",44
Arlo,"4/10/23, 05:06",94
Arlo,"4/10/23, 02:40",104
Arlo,"4/10/23, 01:30",34
Arlo,"4/9/23, 20:15",213
Arlo,"4/9/23, 19:25",40
Arlo,"4/9/23, 17:14",41
Arlo,"4/9/23, 16:00",20
Arlo,"4/9/23, 13:15",45
Arlo,"4/9/23, 11:15",20
Arlo,"4/9/23, 08:05",95
Arlo,"4/9/23, 05:16",108
Arlo,"4/9/23, 03:04",96
Arlo,"4/9/23, 01:48",42
Arlo,"4/9/23, 00:22",68
Arlo,"4/8/23, 21:50",105
Arlo,"4/8/23, 19:08",94
Arlo,"4/8/23, 15:50",48
Arlo,"4/8/23, 12:00",108
Arlo,"4/8/23, 11:05",24
Arlo,"4/8/23, 08:15",42
Arlo,"4/8/23, 06:20",49
Arlo,"4/8/23, 05:05",45
Arlo,"4/8/23, 03:52",47
Arlo,"4/8/23, 01:35",99
Arlo,"4/7/23, 21:09",210
Arlo,"4/7/23, 19:30",49
Arlo,"4/7/23, 18:10",27
Arlo,"4/7/23, 16:05",55
Arlo,"4/7/23, 14:05",35
Arlo,"4/7/23, 10:27",108
Arlo,"4/7/23, 08:30",40
Arlo,"4/7/23, 06:02",76
Arlo,"4/7/23, 05:01",53
Arlo,"4/7/23, 02:00",145
Arlo,"4/6/23, 22:37",163
Arlo,"4/6/23, 20:05",98
Arlo,"4/6/23, 15:40",44
Arlo,"4/6/23, 14:30",40
Arlo,"4/6/23, 12:02",83
Arlo,"4/6/23, 10:00",35
Arlo,"4/6/23, 07:30",29
Arlo,"4/6/23, 06:45",44
Arlo,"4/6/23, 04:29",90
Arlo,"4/6/23, 03:15",60
Arlo,"4/6/23, 00:36",135
Arlo,"4/5/23, 21:29",142
Arlo,"4/5/23, 20:30",50
Arlo,"4/5/23, 17:31",27
Arlo,"4/5/23, 15:35",32
Arlo,"4/5/23, 13:12",38
Arlo,"4/5/23, 11:30",69
Arlo,"4/5/23, 09:01",45
Arlo,"4/5/23, 06:15",55
Arlo,"4/5/23, 03:33",111
Arlo,"4/5/23, 01:18",92
Arlo,"4/4/23, 23:25",74
Arlo,"4/4/23, 20:50",93
Arlo,"4/4/23, 19:23",41
Arlo,"4/4/23, 16:35",94
Arlo,"4/4/23, 15:16",29
Arlo,"4/4/23, 14:02",38
Arlo,"4/4/23, 12:40",19
Arlo,"4/4/23, 10:18",52
Arlo,"4/4/23, 07:25",49
Arlo,"4/4/23, 05:17",101
Arlo,"4/4/23, 03:30",75
Arlo,"4/4/23, 02:30",40
Arlo,"4/4/23, 00:21",44
Arlo,"4/3/23, 22:01",97
Arlo,"4/3/23, 19:50",85
Arlo,"4/3/23, 18:08",45
Arlo,"4/3/23, 16:25",45
Arlo,"4/3/23, 13:55",45
Arlo,"4/3/23, 10:40",90
Arlo,"4/3/23, 07:05",55
Arlo,"4/3/23, 05:40",60
Arlo,"4/3/23, 03:24",100
Arlo,"4/3/23, 00:22",142
Arlo,"4/2/23, 21:43",127
Arlo,"4/2/23, 20:00",50
Arlo,"4/2/23, 17:45",25
Arlo,"4/2/23, 16:15",54
Arlo,"4/2/23, 14:30",35
Arlo,"4/2/23, 10:45",102
Arlo,"4/2/23, 06:30",50
Arlo,"4/2/23, 05:10",46
Arlo,"4/2/23, 03:52",47
Arlo,"4/2/23, 01:14",120
Arlo,"4/1/23, 22:50",113
Arlo,"4/1/23, 21:11",64
Arlo,"4/1/23, 18:15",114
Arlo,"4/1/23, 13:35",92
Arlo,"4/1/23, 12:00",58
Arlo,"4/1/23, 10:50",22
Arlo,"4/1/23, 08:30",30
Arlo,"4/1/23, 07:24",10
Arlo,"4/1/23, 04:54",111
Arlo,"4/1/23, 03:05",69
Arlo,"4/1/23, 01:40",66
Arlo,"3/31/23, 23:00",122
Arlo,"3/31/23, 21:30",64
Arlo,"3/31/23, 18:25",114
Arlo,"3/31/23, 16:45",29
Arlo,"3/31/23, 15:00",70
Arlo,"3/31/23, 13:00",49
Arlo,"3/31/23, 11:15",60
Arlo,"3/31/23, 09:40",24
Arlo,"3/31/23, 07:05",43
Arlo,"3/31/23, 05:21",64
Arlo,"3/31/23, 04:13",51
Arlo,"3/31/23, 01:33",122
Arlo,"3/30/23, 22:40",140
Arlo,"3/30/23, 20:15",116
Arlo,"3/30/23, 18:20",34
Arlo,"3/30/23, 14:30",74
Arlo,"3/30/23, 13:40",35
Arlo,"3/30/23, 11:41",68
Arlo,"3/30/23, 09:45",30
Arlo,"3/30/23, 08:00",30
Arlo,"3/30/23, 06:48",54
Arlo,"3/30/23, 05:38",41
Arlo,"3/30/23, 04:24",60
Arlo,"3/30/23, 01:18",121
Arlo,"3/29/23, 22:30",134
Arlo,"3/29/23, 19:45",134
Arlo,"3/29/23, 15:50",27
Arlo,"3/29/23, 14:15",35
Arlo,"3/29/23, 11:59",88
Arlo,"3/29/23, 11:02",27,Crib
Arlo,"3/29/23, 08:24",71
Arlo,"3/29/23, 06:10",90
Arlo,"3/29/23, 02:46",148
Arlo,"3/29/23, 01:32",42
Arlo,"3/28/23, 23:59",80
Arlo,"3/28/23, 20:10",191
Arlo,"3/28/23, 17:51",23
Arlo,"3/28/23, 15:15",59
Arlo,"3/28/23, 11:19",91
Arlo,"3/28/23, 09:32",27
Arlo,"3/28/23, 06:14",103
Arlo,"3/28/23, 03:15",139
Arlo,"3/28/23, 00:20",133,Didn’t sleep much the second hour but stayed down 
Arlo,"3/27/23, 21:38",116
Arlo,"3/27/23, 19:34",85
Arlo,"3/27/23, 17:00",30
Arlo,"3/27/23, 16:17",31
Arlo,"3/27/23, 15:25",25
Arlo,"3/27/23, 13:07",55
Arlo,"3/27/23, 10:45",49
Arlo,"3/27/23, 08:12",111
Arlo,"3/27/23, 07:03",51
Arlo,"3/27/23, 04:59",87
Arlo,"3/27/23, 03:30",49
Arlo,"3/27/23, 02:15",55
Arlo,"3/27/23, 00:25",70
Arlo,"3/26/23, 22:25",83
Arlo,"3/26/23, 19:58",112
Arlo,"3/26/23, 17:50",94
Arlo,"3/26/23, 16:10",54
Arlo,"3/26/23, 13:45",77
Arlo,"3/26/23, 11:08",34
Arlo,"3/26/23, 09:00",68
Arlo,"3/26/23, 06:30",58
Arlo,"3/26/23, 03:41",119
Arlo,"3/26/23, 00:52",128
Arlo,"3/25/23, 21:46",115
Arlo,"3/25/23, 17:20",142
Arlo,"3/25/23, 14:50",43
Arlo,"3/25/23, 11:38",61
Arlo,"3/25/23, 09:15",104
Arlo,"3/25/23, 06:30",124
Arlo,"3/25/23, 04:06",104
Arlo,"3/25/23, 01:26",120
Arlo,"3/24/23, 23:32",74
Arlo,"3/24/23, 21:45",59
Arlo,"3/24/23, 18:00",168
Arlo,"3/24/23, 16:15",46
Arlo,"3/24/23, 13:35",44
Arlo,"3/24/23, 10:33",86
Arlo,"3/24/23, 07:15",86
Arlo,"3/24/23, 04:36",123
Arlo,"3/24/23, 02:40",80
Arlo,"3/24/23, 00:34",86
Arlo,"3/23/23, 21:46",134
Arlo,"3/23/23, 18:37",35
Arlo,"3/23/23, 15:45",90
Arlo,"3/23/23, 14:20",54
Arlo,"3/23/23, 12:10",59
Arlo,"3/23/23, 10:27",28
Arlo,"3/23/23, 08:25",49
Arlo,"3/23/23, 05:30",121
Arlo,"3/23/23, 03:30",69
Arlo,"3/23/23, 01:19",89
Arlo,"3/22/23, 22:50",109,Woke up 1240
Arlo,"3/22/23, 19:40",147
Arlo,"3/22/23, 17:15",89
Arlo,"3/22/23, 15:45",45
Arlo,"3/22/23, 12:40",76
Arlo,"3/22/23, 09:25",94
Arlo,"3/22/23, 07:41",68
Arlo,"3/22/23, 05:15",101
Arlo,"3/22/23, 01:15",152
Arlo,"3/21/23, 21:45",179
Arlo,"3/21/23, 19:35",25
Arlo,"3/21/23, 17:39",42
Arlo,"3/21/23, 14:17",132
Arlo,"3/21/23, 11:15",59
Arlo,"3/21/23, 08:50",54
Arlo,"3/21/23, 07:00",59
Arlo,"3/21/23, 03:40",156
Arlo,"3/21/23, 02:24",53
Arlo,"3/21/23, 00:40",48
Arlo,"3/20/23, 23:26",61
Arlo,"3/20/23, 21:10",72
Arlo,"3/20/23, 19:29",36
Arlo,"3/20/23, 16:46",75
Arlo,"3/20/23, 15:00",45
Arlo,"3/20/23, 12:10",111
Arlo,"3/20/23, 09:30",84
Arlo,"3/20/23, 07:44",45
Arlo,"3/20/23, 06:30",50
Arlo,"3/20/23, 03:45",120
Arlo,"3/20/23, 02:11",67
Arlo,"3/19/23, 23:37",117
Arlo,"3/19/23, 21:40",79
Arlo,"3/19/23, 18:29",35
Arlo,"3/19/23, 16:02",44
Arlo,"3/19/23, 12:06",143
Arlo,"3/19/23, 10:53",46
Arlo,"3/19/23, 08:07",52
Arlo,"3/19/23, 06:18",68
Arlo,"3/19/23, 04:30",67
Arlo,"3/19/23, 02:57",81
Arlo,"3/18/23, 23:49",155
Arlo,"3/18/23, 21:00",116
Arlo,"3/18/23, 17:07",97
Arlo,"3/18/23, 15:00",75
Arlo,"3/18/23, 12:40",95
Arlo,"3/18/23, 10:37",71
Arlo,"3/18/23, 07:50",80
Arlo,"3/18/23, 04:58",136
Arlo,"3/18/23, 03:04",86
Arlo,"3/18/23, 00:33",126
Arlo,"3/17/23, 23:17",44
Arlo,"3/17/23, 19:56",108
Arlo,"3/17/23, 17:45",85
Arlo,"3/17/23, 15:06",110
Arlo,"3/17/23, 11:30",100
Arlo,"3/17/23, 09:30",55
Arlo,"3/17/23, 06:29",119
Arlo,"3/17/23, 04:02",104
Arlo,"3/17/23, 02:39",61
Arlo,"3/17/23, 00:17",91
Arlo,"3/16/23, 21:25",119
Arlo,"3/16/23, 19:35",67
Arlo,"3/16/23, 17:40",79
Arlo,"3/16/23, 16:40",44
Arlo,"3/16/23, 14:55",75
Arlo,"3/16/23, 11:40",65
Arlo,"3/16/23, 09:34",36
Arlo,"3/16/23, 07:47",73
Arlo,"3/16/23, 04:45",149
Arlo,"3/16/23, 02:43",92
Arlo,"3/16/23, 00:45",82
Arlo,"3/15/23, 23:09",60
Arlo,"3/15/23, 19:20",63
Arlo,"3/15/23, 16:40",131
Arlo,"3/15/23, 15:15",34
Arlo,"3/15/23, 14:29",21
Arlo,"3/15/23, 11:15",97
Arlo,"3/15/23, 09:52",41
Arlo,"3/15/23, 07:40",58
Arlo,"3/15/23, 04:15",151
Arlo,"3/15/23, 01:20",141
Arlo,"3/15/23, 00:19",36
Arlo,"3/14/23, 23:44",13
Arlo,"3/14/23, 22:00",19
Arlo,"3/14/23, 19:05",55
Arlo,"3/14/23, 16:45",61
Arlo,"3/14/23, 15:00",54
Arlo,"3/14/23, 13:02",70
Arlo,"3/14/23, 10:42",67
Arlo,"3/14/23, 06:58",126
Arlo,"3/14/23, 05:06",76
Arlo,"3/14/23, 03:22",74
Arlo,"3/14/23, 00:07",154
Arlo,"3/13/23, 22:30",55
Arlo,"3/13/23, 19:54",43
Arlo,"3/13/23, 16:52",77
Arlo,"3/13/23, 14:40",69
Arlo,"3/13/23, 12:00",83
Arlo,"3/13/23, 10:45",16
Arlo,"3/13/23, 08:09",107
Arlo,"3/13/23, 05:34",118
Arlo,"3/13/23, 03:44",74
Arlo,"3/13/23, 00:12",160
Arlo,"3/12/23, 22:54",54
Arlo,"3/12/23, 21:12",58
Arlo,"3/12/23, 19:25",56
Arlo,"3/12/23, 16:09",125
Arlo,"3/12/23, 15:25",34
Arlo,"3/12/23, 12:50",43
Arlo,"3/12/23, 10:32",67
Arlo,"3/12/23, 09:04",64
Arlo,"3/12/23, 06:26",122
Arlo,"3/12/23, 04:20",80
Arlo,"3/12/23, 01:23",96
Arlo,"3/11/23, 22:18",60
Arlo,"3/11/23, 20:47",37
Arlo,"3/11/23, 16:56",116
Arlo,"3/11/23, 15:45",20
Arlo,"3/11/23, 13:32",83
Arlo,"3/11/23, 11:20",78
Arlo,"3/11/23, 08:56",72
Arlo,"3/11/23, 07:14",70
Arlo,"3/11/23, 04:13",143
Arlo,"3/11/23, 02:10",80
Arlo,"3/11/23, 00:35",61
Arlo,"3/10/23, 22:52",70
Arlo,"3/10/23, 21:04",51
Arlo,"3/10/23, 19:58",38
Arlo,"3/10/23, 16:46",103
Arlo,"3/10/23, 15:30",29
Arlo,"3/10/23, 13:03",52
Arlo,"3/10/23, 11:00",67
Arlo,"3/10/23, 09:45",44
Arlo,"3/10/23, 07:05",94
Arlo,"3/10/23, 05:31",59
Arlo,"3/10/23, 02:40",114
Arlo,"3/10/23, 00:03",121
Arlo,"3/9/23, 20:50",146
Arlo,"3/9/23, 19:50",30
Arlo,"3/9/23, 17:07",71
Arlo,"3/9/23, 14:00",130
Arlo,"3/9/23, 12:23",47
Arlo,"3/9/23, 08:34",130
Arlo,"3/9/23, 05:30",133
Arlo,"3/9/23, 03:43",71
Arlo,"3/9/23, 01:41",70
Arlo,"3/8/23, 23:52",80
Arlo,"3/8/23, 22:31",44
Arlo,"3/8/23, 21:23",21
Arlo,"3/8/23, 17:57",113
Arlo,"3/8/23, 14:25",73
Arlo,"3/8/23, 10:37",157
Arlo,"3/8/23, 06:33",61
Arlo,"3/8/23, 04:07",116
Arlo,"3/8/23, 01:32",113
Arlo,"3/7/23, 22:39",140
Arlo,"3/7/23, 19:20",119
Arlo,"3/7/23, 17:24",65
Arlo,"3/7/23, 14:40",79
Arlo,"3/7/23, 12:05",95
Arlo,"3/7/23, 07:52",128
Arlo,"3/7/23, 04:21",172
Arlo,"3/7/23, 02:58",46
Arlo,"3/6/23, 23:15",180
Arlo,"3/6/23, 21:42",80
Arlo,"3/6/23, 19:50",70
Arlo,"3/6/23, 17:00",121
Arlo,"3/6/23, 14:45",71
Arlo,"3/6/23, 10:42",149
Arlo,"3/6/23, 06:15",71
Arlo,"3/6/23, 02:58",138
Arlo,"3/6/23, 00:34",66
Arlo,"3/5/23, 23:36",14
Arlo,"3/5/23, 22:40",15
Arlo,"3/5/23, 21:53",27
Arlo,"3/5/23, 20:02",65
Arlo,"3/5/23, 18:47",32
Arlo,"3/5/23, 16:30",75
Arlo,"3/5/23, 14:50",50
Arlo,"3/5/23, 13:55",44
Arlo,"3/5/23, 10:09",86
Arlo,"3/5/23, 06:45",117
Arlo,"3/5/23, 05:27",41
Arlo,"3/5/23, 03:54",53
Arlo,"3/5/23, 02:48",41
Arlo,"3/5/23, 01:29",36
Arlo,"3/4/23, 23:15",60
Arlo,"3/4/23, 20:30",23
Arlo,"3/4/23, 18:50",37
Arlo,"3/4/23, 14:50",71
Arlo,"3/4/23, 13:08",55
Arlo,"3/4/23, 11:16",59
Arlo,"3/4/23, 10:02",19
Arlo,"3/4/23, 06:29",107
Arlo,"3/4/23, 04:14",86
Arlo,"3/4/23, 02:43",39
Arlo,"3/4/23, 02:06",36
Arlo,"3/4/23, 00:46",49
Arlo,"3/4/23, 00:10",24
Arlo,"3/3/23, 23:04",26
Arlo,"3/3/23, 21:50",35
Arlo,"3/3/23, 18:53",97,"Skin to skin, some tummy time"
Arlo,"3/3/23, 17:20",11
Arlo,"3/3/23, 16:12",35
Arlo,"3/3/23, 14:57",13
Arlo,"3/3/23, 14:15",34
Arlo,"3/3/23, 13:30",3
Arlo,"3/3/23, 12:42",41
Arlo,"3/3/23, 10:30",32
Arlo,"3/3/23, 06:40",90
Arlo,"3/3/23, 05:35",65
Arlo,"3/3/23, 03:34",60
Arlo,"3/3/23, 02:12",36
Arlo,"3/3/23, 01:15",14
Arlo,"3/3/23, 00:08",15
Arlo,"3/2/23, 21:57",29
Arlo,"3/2/23, 06:15",89
Arlo,"3/1/23, 23:30",150
